{
  "Cu interface": {
    "best": 10.785139074503201,
    "index": 8,
    "integer": false,
    "label": "Cu interface",
    "mean": 10.883326405830024,
    "median": 10.878850629492424,
    "p68": [
      10.700333316813483,
      11.070045171457503
    ],
    "p68_range": [
      10.700333316813483,
      11.070045171457503
    ],
    "p95": [
      10.541663517202673,
      11.248211608833978
    ],
    "p95_range": [
      10.541663517202673,
      11.248211608833978
    ],
    "std": 0.1821332597831886
  },
  "Cu thickness": {
    "best": 560.5802276270615,
    "index": 9,
    "integer": false,
    "label": "Cu thickness",
    "mean": 560.9851751372828,
    "median": 560.9136639962783,
    "p68": [
      560.3411934278253,
      561.6391494785256
    ],
    "p68_range": [
      560.3411934278253,
      561.6391494785256
    ],
    "p95": [
      559.969447084753,
      562.4176641789348
    ],
    "p95_range": [
      559.969447084753,
      562.4176641789348
    ],
    "std": 0.6443543170309871
  },
  "SEI interface": {
    "best": 7.642096834022688,
    "index": 2,
    "integer": false,
    "label": "SEI interface",
    "mean": 15.33680134661038,
    "median": 13.981315403948837,
    "p68": [
      7.394201549041648,
      23.73788461975126
    ],
    "p68_range": [
      7.394201549041648,
      23.73788461975126
    ],
    "p95": [
      5.356348774691467,
      31.78422118901426
    ],
    "p95_range": [
      5.356348774691467,
      31.78422118901426
    ],
    "std": 7.533545911884399
  },
  "SEI rho": {
    "best": 4.0303236320730775,
    "index": 3,
    "integer": false,
    "label": "SEI rho",
    "mean": 4.070765014792536,
    "median": 4.070867451337817,
    "p68": [
      3.9917536300233984,
      4.145535779863137
    ],
    "p68_range": [
      3.9917536300233984,
      4.145535779863137
    ],
    "p95": [
      3.922227112051148,
      4.226165435590465
    ],
    "p95_range": [
      3.922227112051148,
      4.226165435590465
    ],
    "std": 0.07756614656295688
  },
  "SEI thickness": {
    "best": 175.12466571596963,
    "index": 4,
    "integer": false,
    "label": "SEI thickness",
    "mean": 181.7839473460136,
    "median": 179.4152765006112,
    "p68": [
      171.98009779713158,
      192.81475412934032
    ],
    "p68_range": [
      171.98009779713158,
      192.81475412934032
    ],
    "p95": [
      167.01520158924276,
      205.93188560231778
    ],
    "p95_range": [
      167.01520158924276,
      205.93188560231778
    ],
    "std": 10.411883435227976
  },
  "THF interface": {
    "best": 56.520823629785504,
    "index": 1,
    "integer": false,
    "label": "THF interface",
    "mean": 55.973533614733356,
    "median": 55.957783398773955,
    "p68": [
      54.17277805123049,
      57.71967268755428
    ],
    "p68_range": [
      54.17277805123049,
      57.71967268755428
    ],
    "p95": [
      52.40437330132558,
      59.58135807814664
    ],
    "p95_range": [
      52.40437330132558,
      59.58135807814664
    ],
    "std": 1.7898276508486715
  },
  "Ti interface": {
    "best": 2.192655691441783,
    "index": 10,
    "integer": false,
    "label": "Ti interface",
    "mean": 1.9128105885600188,
    "median": 1.8797378781337146,
    "p68": [
      1.3192635319996455,
      2.4917284338214216
    ],
    "p68_range": [
      1.3192635319996455,
      2.4917284338214216
    ],
    "p95": [
      1.0437232620622914,
      3.0643782157905104
    ],
    "p95_range": [
      1.0437232620622914,
      3.0643782157905104
    ],
    "std": 0.5495728039095273
  },
  "Ti rho": {
    "best": -0.42708995414690365,
    "index": 11,
    "integer": false,
    "label": "Ti rho",
    "mean": -0.4279910420428441,
    "median": -0.427317479614061,
    "p68": [
      -0.4543837164363941,
      -0.40085948085993317
    ],
    "p68_range": [
      -0.4543837164363941,
      -0.40085948085993317
    ],
    "p95": [
      -0.48189273038505503,
      -0.37912857383927345
    ],
    "p95_range": [
      -0.48189273038505503,
      -0.37912857383927345
    ],
    "std": 0.02653048653909783
  },
  "Ti thickness": {
    "best": 56.06694027955302,
    "index": 12,
    "integer": false,
    "label": "Ti thickness",
    "mean": 56.02910737064747,
    "median": 56.02443009177995,
    "p68": [
      55.818235440540484,
      56.23840800527384
    ],
    "p68_range": [
      55.818235440540484,
      56.23840800527384
    ],
    "p95": [
      55.64068288465658,
      56.42706679591088
    ],
    "p95_range": [
      55.64068288465658,
      56.42706679591088
    ],
    "std": 0.2051303924814751
  },
  "material interface": {
    "best": 12.091822954934884,
    "index": 5,
    "integer": false,
    "label": "material interface",
    "mean": 12.35433648771608,
    "median": 12.324030274930116,
    "p68": [
      11.554324923867465,
      13.148285949783244
    ],
    "p68_range": [
      11.554324923867465,
      13.148285949783244
    ],
    "p95": [
      10.915646988088723,
      13.950681888798162
    ],
    "p95_range": [
      10.915646988088723,
      13.950681888798162
    ],
    "std": 0.7832896837896255
  },
  "material rho": {
    "best": 3.777922640756939,
    "index": 6,
    "integer": false,
    "label": "material rho",
    "mean": 3.691807061018693,
    "median": 3.7370486897945434,
    "p68": [
      3.5284153553022986,
      3.8499480634019316
    ],
    "p68_range": [
      3.5284153553022986,
      3.8499480634019316
    ],
    "p95": [
      3.2285216236859346,
      3.921234787824636
    ],
    "p95_range": [
      3.2285216236859346,
      3.921234787824636
    ],
    "std": 0.17871467194191365
  },
  "material thickness": {
    "best": 48.334258730961096,
    "index": 7,
    "integer": false,
    "label": "material thickness",
    "mean": 40.867925947780186,
    "median": 43.37684651720866,
    "p68": [
      29.320830180547464,
      50.862092776244204
    ],
    "p68_range": [
      29.320830180547464,
      50.862092776244204
    ],
    "p95": [
      17.058470671723384,
      55.648748180233774
    ],
    "p95_range": [
      17.058470671723384,
      55.648748180233774
    ],
    "std": 10.426114774973088
  }
}