{
  "Cu interface": {
    "best": 10.187529530604584,
    "index": 5,
    "integer": false,
    "label": "Cu interface",
    "mean": 10.19587238956577,
    "median": 10.187880507184047,
    "p68": [
      10.053958589478148,
      10.334385539765764
    ],
    "p68_range": [
      10.053958589478148,
      10.334385539765764
    ],
    "p95": [
      9.935556739445772,
      10.4959259349426
    ],
    "p95_range": [
      9.935556739445772,
      10.4959259349426
    ],
    "std": 0.14377611843656027
  },
  "Cu rho": {
    "best": 6.4827713267768585,
    "index": 6,
    "integer": false,
    "label": "Cu rho",
    "mean": 6.483220052422602,
    "median": 6.482836198967281,
    "p68": [
      6.461647690217433,
      6.504963262033075
    ],
    "p68_range": [
      6.461647690217433,
      6.504963262033075
    ],
    "p95": [
      6.441574114811595,
      6.524322247714916
    ],
    "p95_range": [
      6.441574114811595,
      6.524322247714916
    ],
    "std": 0.021400276635624087
  },
  "Cu thickness": {
    "best": 559.4437512488811,
    "index": 7,
    "integer": false,
    "label": "Cu thickness",
    "mean": 559.3376359906158,
    "median": 559.2869508135864,
    "p68": [
      557.8796079178758,
      560.7939479900737
    ],
    "p68_range": [
      557.8796079178758,
      560.7939479900737
    ],
    "p95": [
      556.4848418650681,
      562.3831074812302
    ],
    "p95_range": [
      556.4848418650681,
      562.3831074812302
    ],
    "std": 1.4776077437066404
  },
  "THF interface": {
    "best": 29.152712542142346,
    "index": 1,
    "integer": false,
    "label": "THF interface",
    "mean": 29.178996715860038,
    "median": 29.418499742856703,
    "p68": [
      26.933233059843964,
      31.374272323339326
    ],
    "p68_range": [
      26.933233059843964,
      31.374272323339326
    ],
    "p95": [
      24.362034325309075,
      33.030796320136766
    ],
    "p95_range": [
      24.362034325309075,
      33.030796320136766
    ],
    "std": 2.2462529584838418
  },
  "Ti interface": {
    "best": 6.372266193198043,
    "index": 8,
    "integer": false,
    "label": "Ti interface",
    "mean": 6.287613905719085,
    "median": 6.287009785479291,
    "p68": [
      6.021660999423288,
      6.551388676542269
    ],
    "p68_range": [
      6.021660999423288,
      6.551388676542269
    ],
    "p95": [
      5.760405533226513,
      6.7919580975737395
    ],
    "p95_range": [
      5.760405533226513,
      6.7919580975737395
    ],
    "std": 0.26536564515180017
  },
  "Ti rho": {
    "best": -2.1758596769746616,
    "index": 9,
    "integer": false,
    "label": "Ti rho",
    "mean": -2.17439647260554,
    "median": -2.1745497890775067,
    "p68": [
      -2.2103016826181325,
      -2.1376143817265363
    ],
    "p68_range": [
      -2.2103016826181325,
      -2.1376143817265363
    ],
    "p95": [
      -2.2446470288568725,
      -2.1036099454213963
    ],
    "p95_range": [
      -2.2446470288568725,
      -2.1036099454213963
    ],
    "std": 0.03617158667726963
  },
  "Ti thickness": {
    "best": 51.43950130051658,
    "index": 10,
    "integer": false,
    "label": "Ti thickness",
    "mean": 51.48321508070296,
    "median": 51.48484805888654,
    "p68": [
      51.33663936075753,
      51.63552849952647
    ],
    "p68_range": [
      51.33663936075753,
      51.63552849952647
    ],
    "p95": [
      51.181695111481105,
      51.776021739782976
    ],
    "p95_range": [
      51.181695111481105,
      51.776021739782976
    ],
    "std": 0.14992964368023762
  },
  "material interface": {
    "best": 18.83839516885048,
    "index": 2,
    "integer": false,
    "label": "material interface",
    "mean": 19.16920888370701,
    "median": 19.17696165750056,
    "p68": [
      17.87929132790285,
      20.475940789029362
    ],
    "p68_range": [
      17.87929132790285,
      20.475940789029362
    ],
    "p95": [
      16.617147157214212,
      21.652647249815434
    ],
    "p95_range": [
      16.617147157214212,
      21.652647249815434
    ],
    "std": 1.2760355945534687
  },
  "material rho": {
    "best": 3.589179542484079,
    "index": 3,
    "integer": false,
    "label": "material rho",
    "mean": 3.3448185488068582,
    "median": 3.445404596126693,
    "p68": [
      2.6381866470436894,
      4.014823108942023
    ],
    "p68_range": [
      2.6381866470436894,
      4.014823108942023
    ],
    "p95": [
      1.795694280961533,
      4.413964553017614
    ],
    "p95_range": [
      1.795694280961533,
      4.413964553017614
    ],
    "std": 0.6790253569762141
  },
  "material thickness": {
    "best": 31.326686885441482,
    "index": 4,
    "integer": false,
    "label": "material thickness",
    "mean": 30.22739178942099,
    "median": 29.826583601329872,
    "p68": [
      23.161250576495384,
      37.021258805332096
    ],
    "p68_range": [
      23.161250576495384,
      37.021258805332096
    ],
    "p95": [
      18.667855973750456,
      44.60051906014145
    ],
    "p95_range": [
      18.667855973750456,
      44.60051906014145
    ],
    "std": 6.696727547193289
  }
}